{"cameraMode":{"drawMode":0,"name":"Shaded","section":"Shading Mode"},"sceneLighting":false,"audioPlay":false,"sceneViewState":{"showFog":true,"showMaterialUpdate":false,"showSkybox":false,"showFlares":true,"showImageEffects":true,"showParticleSystems":true},"in2DMode":false,"pivot":{"x":1.3700000047683716,"y":0.3179382383823395,"z":0.0},"rotation":{"x":0.014248657040297985,"y":0.9770534634590149,"z":-0.20091836154460908,"w":0.0692920908331871},"size":2.71056866645813,"orthographic":false}