{"cameraMode":{"drawMode":0,"name":"Shaded","section":"Shading Mode"},"sceneLighting":true,"audioPlay":false,"sceneViewState":{"showFog":true,"showMaterialUpdate":false,"showSkybox":true,"showFlares":true,"showImageEffects":true,"showParticleSystems":true},"in2DMode":false,"pivot":{"x":-1.6815710067749024,"y":0.8230200409889221,"z":-0.9677549004554749},"rotation":{"x":0.10896701365709305,"y":0.8215600252151489,"z":-0.1676546335220337,"w":0.5339258313179016},"size":2.452901840209961,"orthographic":false}