{"cameraMode":{"drawMode":0,"name":"Shaded","section":"Shading Mode"},"sceneLighting":true,"audioPlay":false,"sceneViewState":{"showFog":true,"showMaterialUpdate":false,"showSkybox":true,"showFlares":true,"showImageEffects":true,"showParticleSystems":true},"in2DMode":false,"pivot":{"x":1.7987008094787598,"y":1.3849588632583619,"z":-1.581542730331421},"rotation":{"x":-0.33066508173942568,"y":0.6221585273742676,"z":-0.3265243172645569,"w":-0.6300485730171204},"size":11.283538818359375,"orthographic":false}