{"cameraMode":{"drawMode":0,"name":"Shaded","section":"Shading Mode"},"sceneLighting":true,"audioPlay":false,"sceneViewState":{"showFog":true,"showMaterialUpdate":false,"showSkybox":true,"showFlares":true,"showImageEffects":true,"showParticleSystems":true},"in2DMode":false,"pivot":{"x":0.8285930156707764,"y":1.5265778303146363,"z":3.430515766143799},"rotation":{"x":-0.12117912620306015,"y":0.8700053095817566,"z":-0.26513466238975527,"w":-0.3976335823535919},"size":10.0,"orthographic":false}