{"cameraMode":{"drawMode":0,"name":"Shaded","section":"Shading Mode"},"sceneLighting":true,"audioPlay":false,"sceneViewState":{"showFog":true,"showMaterialUpdate":false,"showSkybox":true,"showFlares":true,"showImageEffects":true,"showParticleSystems":true},"in2DMode":false,"pivot":{"x":-20.723363876342775,"y":24.890579223632814,"z":22.70659828186035},"rotation":{"x":-0.11474090069532395,"y":-0.8728567361831665,"z":0.24750766158103944,"w":-0.4046252369880676},"size":2.8578836917877199,"orthographic":false}