{"cameraMode":{"drawMode":0,"name":"Shaded","section":"Shading Mode"},"sceneLighting":true,"audioPlay":false,"sceneViewState":{"showFog":true,"showMaterialUpdate":true,"showSkybox":true,"showFlares":true,"showImageEffects":true,"showParticleSystems":true},"in2DMode":false,"pivot":{"x":1.434529423713684,"y":7.455121994018555,"z":-4.875009059906006},"rotation":{"x":-0.3871258497238159,"y":0.23584580421447755,"z":-0.10325085371732712,"w":-0.8854016661643982},"size":5.581479072570801,"orthographic":false}