{"cameraMode":{"drawMode":0,"name":"Shaded","section":"Shading Mode"},"sceneLighting":true,"audioPlay":false,"sceneViewState":{"showFog":true,"showMaterialUpdate":true,"showSkybox":true,"showFlares":true,"showImageEffects":true,"showParticleSystems":true},"in2DMode":false,"pivot":{"x":-2.441537618637085,"y":10.856368064880371,"z":-3.2049310207366945},"rotation":{"x":-0.5623238682746887,"y":-0.0391114205121994,"z":0.026259366422891618,"w":-0.8256301879882813},"size":2.8578896522521974,"orthographic":false}