{"cameraMode":{"drawMode":0,"name":"Shaded","section":"Shading Mode"},"sceneLighting":true,"audioPlay":false,"sceneViewState":{"showFog":true,"showMaterialUpdate":true,"showSkybox":true,"showFlares":true,"showImageEffects":true,"showParticleSystems":true},"in2DMode":false,"pivot":{"x":2.6664743423461916,"y":6.454266548156738,"z":-0.8612077832221985},"rotation":{"x":0.3941761255264282,"y":-0.4385470747947693,"z":0.2226794958114624,"w":0.7763782739639282},"size":8.058911323547364,"orthographic":false}