{"cameraMode":{"drawMode":0,"name":"Shaded","section":"Shading Mode"},"sceneLighting":true,"audioPlay":false,"sceneViewState":{"showFog":true,"showMaterialUpdate":true,"showSkybox":true,"showFlares":true,"showImageEffects":true,"showParticleSystems":true},"in2DMode":false,"pivot":{"x":6.135293960571289,"y":17.892742156982423,"z":-9.1593599319458},"rotation":{"x":0.44994115829467776,"y":-0.4193154275417328,"z":0.2530415952205658,"w":0.7468414306640625},"size":2.8578896522521974,"orthographic":false}