{"cameraMode":{"drawMode":0,"name":"Shaded","section":"Shading Mode"},"sceneLighting":true,"audioPlay":false,"sceneViewState":{"showFog":true,"showMaterialUpdate":true,"showSkybox":true,"showFlares":true,"showImageEffects":true,"showParticleSystems":true},"in2DMode":false,"pivot":{"x":-3.271979808807373,"y":-2.4249045848846437,"z":0.7114154696464539},"rotation":{"x":-0.2305709272623062,"y":0.628994882106781,"z":-0.20309142768383027,"w":-0.7141309380531311},"size":13.611662864685059,"orthographic":false}