{"cameraMode":{"drawMode":0,"name":"Shaded","section":"Shading Mode"},"sceneLighting":false,"audioPlay":false,"sceneViewState":{"showFog":true,"showMaterialUpdate":true,"showSkybox":false,"showFlares":true,"showImageEffects":true,"showParticleSystems":true},"in2DMode":false,"pivot":{"x":-4.520065784454346,"y":1.25,"z":0.11952465772628784},"rotation":{"x":-0.19992105662822724,"y":0.6268876194953919,"z":-0.17130523920059205,"w":-0.7333418726921082},"size":4.542675018310547,"orthographic":false}