{"cameraMode":{"drawMode":0,"name":"Shaded","section":"Shading Mode"},"sceneLighting":true,"audioPlay":false,"sceneViewState":{"showFog":true,"showMaterialUpdate":true,"showSkybox":true,"showFlares":true,"showImageEffects":true,"showParticleSystems":true},"in2DMode":false,"pivot":{"x":0.507110595703125,"y":1.4202613830566407,"z":-1.4532060623168946},"rotation":{"x":-0.25343871116638186,"y":0.3674793541431427,"z":-0.10480259358882904,"w":-0.8886857628822327},"size":25.18877601623535,"orthographic":false}