{"cameraMode":{"drawMode":0,"name":"Shaded","section":"Shading Mode"},"sceneLighting":true,"audioPlay":false,"sceneViewState":{"showFog":true,"showMaterialUpdate":true,"showSkybox":true,"showFlares":true,"showImageEffects":true,"showParticleSystems":true},"in2DMode":false,"pivot":{"x":-23.78544807434082,"y":-10.516830444335938,"z":-14.6123685836792},"rotation":{"x":-0.09443488717079163,"y":0.8859633207321167,"z":-0.2079443484544754,"w":-0.4037691652774811},"size":42.329795837402347,"orthographic":false}