{"cameraMode":{"drawMode":0,"name":"Shaded","section":"Shading Mode"},"sceneLighting":false,"audioPlay":false,"sceneViewState":{"showFog":true,"showMaterialUpdate":true,"showSkybox":false,"showFlares":true,"showImageEffects":true,"showParticleSystems":true},"in2DMode":false,"pivot":{"x":3.0467140674591066,"y":3.0547385215759279,"z":1.1994017362594605},"rotation":{"x":0.05788632482290268,"y":0.9369148015975952,"z":-0.2906857430934906,"w":0.1855206936597824},"size":2.857884645462036,"orthographic":false}