{"cameraMode":{"drawMode":0,"name":"Shaded","section":"Shading Mode"},"sceneLighting":true,"audioPlay":false,"sceneViewState":{"showFog":true,"showMaterialUpdate":true,"showSkybox":true,"showFlares":true,"showImageEffects":true,"showParticleSystems":true},"in2DMode":false,"pivot":{"x":-1.464933156967163,"y":3.7949001789093019,"z":3.7015116214752199},"rotation":{"x":0.026827804744243623,"y":-0.9496800899505615,"z":0.3003499209880829,"w":0.08484811335802078},"size":14.934606552124024,"orthographic":false}