{"cameraMode":{"drawMode":0,"name":"Shaded","section":"Shading Mode"},"sceneLighting":true,"audioPlay":false,"sceneViewState":{"showFog":true,"showMaterialUpdate":true,"showSkybox":true,"showFlares":true,"showImageEffects":true,"showParticleSystems":true},"in2DMode":false,"pivot":{"x":7.076528549194336,"y":9.364323616027832,"z":5.167198657989502},"rotation":{"x":0.26213762164115908,"y":-0.6720815300941467,"z":0.27768465876579287,"w":0.6344495415687561},"size":4.542675018310547,"orthographic":false}