{"cameraMode":{"drawMode":0,"name":"Shaded","section":"Shading Mode"},"sceneLighting":false,"audioPlay":false,"sceneViewState":{"showFog":true,"showMaterialUpdate":true,"showSkybox":false,"showFlares":true,"showImageEffects":true,"showParticleSystems":true},"in2DMode":false,"pivot":{"x":5.789999961853027,"y":0.6999999284744263,"z":0.10000000894069672},"rotation":{"x":0.44994115829467776,"y":-0.4193154275417328,"z":0.2530415952205658,"w":0.7468414306640625},"size":2.857884645462036,"orthographic":false}