{"cameraMode":{"drawMode":0,"name":"Shaded","section":"Shading Mode"},"sceneLighting":false,"audioPlay":false,"sceneViewState":{"showFog":true,"showMaterialUpdate":true,"showSkybox":false,"showFlares":true,"showImageEffects":true,"showParticleSystems":true},"in2DMode":false,"pivot":{"x":1.6399998664855958,"y":0.33000004291534426,"z":-0.30900001525878909},"rotation":{"x":-0.2878074645996094,"y":0.35404759645462038,"z":-0.11548539996147156,"w":-0.8823248147964478},"size":2.8578836917877199,"orthographic":false}